Part Name,Slot,Rarity,Defense,FireRes,WatRes,IceRes,ThrRes,DrgRes,Slot,Skills,,,,,,,
Kamura,Head,1,1,1,0,0,0,0,,Divine Blessing,1,,,,,,
Kamura,Torso,1,1,1,0,0,0,0,,Wirebug Whisperer,1,,,,,,
Kamura,Arms,1,1,1,0,0,0,0,,Heroics,1,,,,,,
Kamura,Waist,1,1,1,0,0,0,0,,Critical Eye,1,,,,,,
Kamura,Leg,1,1,1,0,0,0,0,,Wall Runner,1,,,,,,
Kamura S,Head,4,30,2,0,0,0,0,1,Divine Blessing,1,Resuscitate,1,,,,
Kamura S,Torso,4,30,2,0,0,0,0,1,Wirebug Whisperer,2,Wall Runner,1,Critical Eye,1,,
Kamura S,Arms,4,30,2,0,0,0,0,2,Critical Eye,2,Heroics,1,,,,
Kamura S,Waist,4,30,2,0,0,0,0,1-1,Wirebug Whisperer,1,Critical Eye,1,,,,
Kamura S,Leg,4,30,2,0,0,0,0,1,Wall Runner,2,Resuscitate,1,,,,
Leather,Head,1,1,0,0,0,0,0,,Hunger Resistance,1,,,,,,
Leather,Torso,1,1,0,0,0,0,0,,Botanist,1,,,,,,
Leather,Arms,1,1,0,0,0,0,0,,Geologist,1,,,,,,
Leather,Waist,1,1,0,0,0,0,0,,Recovery Up,1,,,,,,
Leather,Leg,1,1,0,0,0,0,0,,Geologist,1,,,,,,
Leather S,Head,4,30,0,0,0,0,0,1-1,Geologist,1,Hunger Resistance,1,,,,
Leather S,Torso,4,30,0,0,0,0,0,2,Botanist,1,,,,,,
Leather S,Arms,4,30,0,0,0,0,0,1-1,Geologist,1,Special Ammo Boost,1,,,,
Leather S,Waist,4,30,0,0,0,0,0,1,Recovery Up,1,Hunger Resistance,2,,,,
Leather S,Leg,4,30,0,0,0,0,0,2,Geologist,1,,,,,,
Chainmail,Head,1,4,0,0,0,1,0,,Botanist,1,Defense Boost,1,,,,
Chainmail,Torso,1,4,0,0,0,1,0,,Peak Performance,1,Defense Boost,1,,,,
Chainmail,Arms,1,4,0,0,0,1,0,,Botanist,1,,,,,,
Chainmail,Waist,1,4,0,0,0,1,0,,Guard,1,,,,,,
Chainmail,Leg,1,4,0,0,0,1,0,,Stamina Surge,1,,,,,,
Chainmail S,Head,4,32,0,0,0,1,0,2,Botanist,1,Defense Boost,1,,,,
Chainmail S,Torso,4,32,0,0,0,1,0,1,Defense Boost,1,Flinch Free,2,,,,
Chainmail S,Arms,4,32,0,0,0,1,0,1-1,Botanist,1,Defense Boost,2,,,,
Chainmail S,Waist,4,32,0,0,0,1,0,1-1,Botanist,1,Guard,1,,,,
Chainmail S,Leg,4,32,0,0,0,1,0,1-1,Botanist,1,Stamina Surge,1,,,,
Hunter,Head,1,4,0,0,0,0,0,,Item Prolonger,1,,,,,,
Hunter,Torso,1,4,0,0,0,0,0,,Attack Boost,1,,,,,,
Hunter,Arms,1,4,0,0,0,0,0,,Quick Sheath,1,,,,,,
Hunter,Waist,1,4,0,0,0,0,0,,Stun Resistance,1,,,,,,
Hunter,Leg,1,4,0,0,0,0,0,,Stun Resistance,1,Attack Boost,1,,,,
Hunter S,Head,4,32,0,0,0,0,0,2,Item Prolonger,1,,,,,,
Hunter S,Torso,4,32,0,0,0,0,0,1,Attack Boost,1,Handicraft,1,,,,
Hunter S,Arms,4,32,0,0,0,0,0,2,Quick Sheath,1,,,,,,
Hunter S,Waist,4,32,0,0,0,0,0,1-1,Stun Resistance,2,,,,,,
Hunter S,Leg,4,32,0,0,0,0,0,2,Stun Resistance,1,Attack Boost,2,,,,
Dober,Head,5,52,-2,0,0,0,4,1-1,Dragon Attack,1,Attack Boost,1,Heroics,1,,
Dober,Torso,5,52,-2,0,0,0,4,1,Dragon Attack,1,Focus,1,Power Prolonger,1,Heroics,1
Dober,Arms,5,52,-2,0,0,0,4,1-1-2,Dragon Attack,1,Power Prolonger,1,,,,
Dober,Waist,5,52,-2,0,0,0,4,2,Dragon Attack,1,Attack Boost,2,,,,
Dober,Leg,5,52,-2,0,0,0,4,2,Dragon Attack,1,Focus,1,Heroics,1,,
Alloy,Head,2,10,-1,0,-1,-1,0,,Water Attack,1,,,,,,
Alloy,Torso,2,10,-1,0,-1,-1,0,,Speed Sharpening,1,,,,,,
Alloy,Arms,2,10,-1,0,-1,-1,0,,Critical Eye,1,,,,,,
Alloy,Waist,2,10,-1,0,-1,-1,0,,Water Attack,1,Critical Eye,1,,,,
Alloy,Leg,2,10,-1,0,-1,-1,0,,Speed Sharpening,1,,,,,,
Alloy S,Head,4,32,-1,0,-1,-1,0,1,Water Attack,1,Protective Polish,1,,,,
Alloy S,Torso,4,32,-1,0,-1,-1,0,2,Speed Sharpening,2,,,,,,
Alloy S,Arms,4,32,-1,0,-1,-1,0,1,Water Attack,1,Critical Eye,2,,,,
Alloy S,Waist,4,32,-1,0,-1,-1,0,1-1,Water Attack,2,Critical Eye,1,,,,
Alloy S,Leg,4,32,-1,0,-1,-1,0,2,Speed Sharpening,1,Critical Eye,1,,,,
Ingot,Head,2,18,-1,-1,0,1,0,,Windproof,1,,,,,,
Ingot,Torso,2,18,-1,-1,0,1,0,,Windproof,1,,,,,,
Ingot,Arms,2,18,-1,-1,0,1,0,,Thunder Attack,2,,,,,,
Ingot,Waist,2,18,-1,-1,0,1,0,,Power Prolonger,1,,,,,,
Ingot,Leg,2,18,-1,-1,0,1,0,,Attack Boost,1,Critical Eye,1,,,,
Ingot S,Head,4,40,-1,-1,0,1,0,1-3,Windproof,1,,,,,,
Ingot S,Torso,4,40,-1,-1,0,1,0,1-2,Windproof,2,,,,,,
Ingot S,Arms,4,40,-1,-1,0,1,0,1,Thunder Attack,3,,,,,,
Ingot S,Waist,4,40,-1,-1,0,1,0,2,Power Prolonger,2,,,,,,
Ingot S,Leg,4,40,-1,-1,0,1,0,1,Attack Boost,2,Critical Eye,2,,,,
Melahoa,Head,2,18,0,1,0,3,0,,Paralysis Resistance,1,,,,,,
Melahoa,Torso,2,18,0,1,0,3,0,,Botanist,1,Recovery Up,1,,,,
Melahoa,Arms,2,18,0,1,0,3,0,,Paralysis Resistance,1,Recovery Up,1,,,,
Melahoa,Waist,2,18,0,1,0,3,0,,Botanist,1,Recovery Speed,1,,,,
Melahoa,Leg,2,18,0,1,0,3,0,,Recovery Speed,2,,,,,,
Melahoa S,Head,5,52,0,1,0,3,0,2-2,Paralysis Resistance,2,,,,,,
Melahoa S,Torso,5,52,0,1,0,3,0,1-1,Botanist,2,Recovery Up,1,,,,
Melahoa S,Arms,5,52,0,1,0,3,0,1-1,Paralysis Resistance,1,Botanist,1,Recovery Up,1,,
Melahoa S,Waist,5,52,0,1,0,3,0,2,Botanist,1,Recovery Speed,1,,,,
Melahoa S,Leg,5,52,0,1,0,3,0,1-1,Recovery Up,1,Recovery Speed,2,,,,
Makluva,Head,3,24,1,2,0,-2,0,,Sleep Resistance,1,,,,,,
Makluva,Torso,3,24,1,2,0,-2,0,,Water Attack,2,,,,,,
Makluva,Arms,3,24,1,2,0,-2,0,,Leap of Faith,1,,,,,,
Makluva,Waist,3,24,1,2,0,-2,0,,Sleep Resistance,1,,,,,,
Makluva,Leg,3,24,1,2,0,-2,0,,Speed Eating,1,,,,,,
Makluva S,Head,5,52,1,2,0,-2,0,2-2,Sleep Resistance,2,,,,,,
Makluva S,Torso,5,52,1,2,0,-2,0,1,Water Attack,3,,,,,,
Makluva S,Arms,5,52,1,2,0,-2,0,2,Bubbly Dance,1,Leap of Faith,1,,,,
Makluva S,Waist,5,52,1,2,0,-2,0,3,Sleep Resistance,1,,,,,,
Makluva S,Leg,5,52,1,2,0,-2,0,1-1,Bubbly Dance,1,Speed Eating,1,,,,
Death Stench,Head,2,18,3,1,-1,1,0,,Dragon Resistance,2,,,,,,
Death Stench,Torso,2,18,3,1,-1,1,0,,Rapid Morph,1,,,,,,
Death Stench,Arms,2,18,3,1,-1,1,0,,Maximum Might,1,,,,,,
Death Stench,Waist,2,18,3,1,-1,1,0,,Dragon Resistance,1,,,,,,
Death Stench,Leg,2,18,3,1,-1,1,0,,Rapid Morph,1,,,,,,
Death Stench S,Head,5,52,3,1,-1,1,0,2,Protective Polish,1,,,,,,
Death Stench S,Torso,5,52,3,1,-1,1,0,2,Fortify,1,Rapid Morph,1,,,,
Death Stench S,Arms,5,52,3,1,-1,1,0,1,Maximum Might,2,,,,,,
Death Stench S,Waist,5,52,3,1,-1,1,0,1-1,Protective Polish,1,Maximum Might,1,,,,
Death Stench S,Leg,5,52,3,1,-1,1,0,1-1,Protective Polish,1,Rapid Morph,1,,,,
Mosgharl,Head,2,18,-3,1,3,0,0,,Blast Resistance,1,,,,,,
Mosgharl,Torso,2,18,-3,1,3,0,0,,Reload Speed,2,,,,,,
Mosgharl,Arms,2,18,-3,1,3,0,0,,Blast Resistance,1,,,,,,
Mosgharl,Waist,2,18,-3,1,3,0,0,,Fire Attack,2,,,,,,
Mosgharl,Leg,2,18,-3,1,3,0,0,,Recoil Down,2,,,,,,
Mosgharl S,Head,5,52,-3,1,3,0,0,2-2,Blast Resistance,2,,,,,,
Mosgharl S,Torso,5,52,-3,1,3,0,0,2,Reload Speed,2,,,,,,
Mosgharl S,Arms,5,52,-3,1,3,0,0,1-1-2,Blast Resistance,1,Flinch Free,1,,,,
Mosgharl S,Waist,5,52,-3,1,3,0,0,1,Fire Attack,3,,,,,,
Mosgharl S,Leg,5,52,-3,1,3,0,0,1-2,Recoil Down,2,,,,,,
Mosgharl,Head,2,18,-3,1,3,0,0,,Blast Resistance,1,,,,,,
Mosgharl,Torso,2,18,-3,1,3,0,0,,Reload Speed,2,,,,,,
Mosgharl,Arms,2,18,-3,1,3,0,0,,Blast Resistance,1,,,,,,
Mosgharl,Waist,2,18,-3,1,3,0,0,,Fire Attack,2,,,,,,
Mosgharl,Leg,2,18,-3,1,3,0,0,,Recoil Down,2,,,,,,
Mosgharl S,Head,5,52,-3,1,3,0,0,2-2,Blast Resistance,2,,,,,,
Mosgharl S,Torso,5,52,-3,1,3,0,0,2,Reload Speed,2,,,,,,
Mosgharl S,Arms,5,52,-3,1,3,0,0,1-1-2,Blast Resistance,1,Flinch Free,1,,,,
Mosgharl S,Waist,5,52,-3,1,3,0,0,1,Fire Attack,3,,,,,,
Mosgharl S,Leg,5,52,-3,1,3,0,0,1-2,Recoil Down,2,,,,,,
Aelucanth,Head,3,24,-2,0,-2,3,2,,Critical Element,1,,,,,,
Aelucanth,Torso,3,24,-2,0,-2,3,2,,Critical Element,1,Dragon Attack,1,,,,
Aelucanth,Arms,3,24,-2,0,-2,3,2,,Evade Window,1,,,,,,
Aelucanth,Waist,3,24,-2,0,-2,3,2,,Dragon Attack,2,,,,,,
Aelucanth,Leg,3,24,-2,0,-2,3,2,,Critical Eye,2,,,,,,
Aelucanth S,Head,6,62,-2,0,-2,3,2,1,Critical Element,2,,,,,,
Aelucanth S,Torso,6,62,-2,0,-2,3,2,1,Critical Element,1,Critical Eye,2,Dragon Attack,1,,
Aelucanth S,Arms,6,62,-2,0,-2,3,2,3,Evade Window,1,,,,,,
Aelucanth S,Waist,6,62,-2,0,-2,3,2,1,Dragon Attack,3,,,,,,
Aelucanth S,Leg,6,62,-2,0,-2,3,2,1-1,Critical Eye,2,Dragon Attack,1,,,,
Rhopessa,Head,3,24,-2,0,-2,3,2,,Critical Element,1,,,,,,
Rhopessa,Torso,3,24,-2,0,-2,3,2,,Critical Element,1,Dragon Attack,1,,,,
Rhopessa,Arms,3,24,-2,0,-2,3,2,,Evade Window,1,,,,,,
Rhopessa,Waist,3,24,-2,0,-2,3,2,,Dragon Attack,2,,,,,,
Rhopessa,Leg,3,24,-2,0,-2,3,2,,Critical Eye,2,,,,,,
Rhopessa S,Head,6,62,-2,0,-2,3,2,1,Critical Element,2,,,,,,
Rhopessa S,Torso,6,62,-2,0,-2,3,2,1,Critical Element,1,Critical Eye,2,Dragon Attack,1,,
Rhopessa S,Arms,6,62,-2,0,-2,3,2,3,Evade Window,1,,,,,,
Rhopessa S,Waist,6,62,-2,0,-2,3,2,1,Dragon Attack,3,,,,,,
Rhopessa S,Leg,6,62,-2,0,-2,3,2,1-1,Critical Eye,2,Dragon Attack,1,,,,
Vaik,Head,2,18,0,3,-1,-2,0,,Ammo Up,1,,,,,,
Vaik,Torso,2,18,0,3,-1,-2,0,,Steadiness,1,,,,,,
Vaik,Arms,2,18,0,3,-1,-2,0,,Normal/Rapid Up,1,,,,,,
Vaik,Waist,2,18,0,3,-1,-2,0,,Steadiness,1,,,,,,
Vaik,Leg,2,18,0,3,-1,-2,0,,Ammo Up,1,,,,,,
Vaik S,Head,5,52,0,3,-1,-2,0,1-2,Ammo Up,2,,,,,,
Vaik S,Torso,5,52,0,3,-1,-2,0,1-2-3,,,,,,,,
Vaik S,Arms,5,52,0,3,-1,-2,0,1-1,Normal/Rapid Up,2,,,,,,
Vaik S,Waist,5,52,0,3,-1,-2,0,2,Normal/Rapid Up,1,,,,,,
Vaik S,Leg,5,52,0,3,-1,-2,0,1-3,Ammo Up,1,,,,,,
Chaos,Head,2,12,2,-2,0,0,0,,Mushroomancer,1,,,,,,
Chaos,Torso,2,12,2,-2,0,0,0,,,,,,,,,
Chaos S,Head,4,40,2,-2,0,0,0,1-1,Mushroomancer,1,,,,,,
Chaos S,Torso,4,40,2,-2,0,0,0,,Mushroomancer,2,,,,,,
Edel,Head,2,12,-1,3,0,-1,0,,Poison Resistance,1,,,,,,
Edel,Torso,2,12,-1,3,0,-1,0,,Recovery Up,1,,,,,,
Edel,Arms,2,12,-1,3,0,-1,0,,Poison Resistance,1,,,,,,
Edel,Waist,2,12,-1,3,0,-1,0,,Thunder Resistance,1,,,,,,
Edel,Leg,2,12,-1,3,0,-1,0,,Thunder Resistance,1,,,,,,
Edel S,Head,4,40,-1,3,0,-1,0,2-2,Poison Resistance,2,,,,,,
Edel S,Torso,4,40,-1,3,0,-1,0,1-1,Recovery Up,2,,,,,,
Edel S,Arms,4,40,-1,3,0,-1,0,,Capture Master,1,,,,,,
Edel S,Waist,4,40,-1,3,0,-1,0,2,Recovery Up,1,,,,,,
Edel S,Leg,4,40,-1,3,0,-1,0,1-3,Poison Resistance,1,,,,,,
Skalda,Head,2,12,3,-1,-1,-1,3,,Poison Attack,1,,,,,,
Skalda,Torso,2,12,3,-1,-1,-1,3,,Critical Eye,1,,,,,,
Skalda,Arms,2,12,3,-1,-1,-1,3,,Poison Resistance,1,,,,,,
Skalda,Waist,2,12,3,-1,-1,-1,3,,Critical Eye,1,,,,,,
Skalda,Leg,2,12,3,-1,-1,-1,3,,Poison Resistance,1,,,,,,
Skalda S,Head,4,32,3,-1,-1,-1,3,2,Poison Attack,2,,,,,,
Skalda S,Torso,4,32,3,-1,-1,-1,3,2,Latent Power,1,,,,,,
Skalda S,Arms,4,32,3,-1,-1,-1,3,1-1,Latent Power,1,Poison Resistance,1,,,,
Skalda S,Waist,4,32,3,-1,-1,-1,3,,Weakness Exploit,2,,,,,,
Skalda S,Leg,4,32,3,-1,-1,-1,3,1,Latent Power,1,Poison Resistance,1,Mind's Eye,1,,
Spio,Head,2,12,3,-1,-1,-1,3,,Poison Attack,1,,,,,,
Spio,Torso,2,12,3,-1,-1,-1,3,,Critical Eye,1,,,,,,
Spio,Arms,2,12,3,-1,-1,-1,3,,Poison Resistance,1,,,,,,
Spio,Waist,2,12,3,-1,-1,-1,3,,Critical Eye,1,,,,,,
Spio,Leg,2,12,3,-1,-1,-1,3,,Poison Resistance,1,,,,,,
Spio S,Head,4,32,3,-1,-1,-1,3,2,Poison Attack,2,,,,,,
Spio S,Torso,4,32,3,-1,-1,-1,3,2,Latent Power,1,,,,,,
Spio S,Arms,4,32,3,-1,-1,-1,3,1-1,Latent Power,1,Poison Resistance,1,,,,
Spio S,Waist,4,32,3,-1,-1,-1,3,,Weakness Exploit,2,,,,,,
Spio S,Leg,4,32,3,-1,-1,-1,3,1,Latent Power,1,Poison Resistance,1,Mind's Eye,1,,
Utsushi (Visible),Head,3,24,3,0,0,0,0,,Speed Eating,1,Free Meal,1,,,,
Utsushi (Visible),Torso,3,24,3,0,0,0,0,,Wide-Range,1,,,,,,
Utsushi (Visible),Arms,3,24,3,0,0,0,0,,Wide-Range,1,,,,,,
Utsushi (Visible),Waist,3,24,3,0,0,0,0,,Speed Eating,1,,,,,,
Utsushi (Visible),Leg,3,24,3,0,0,0,0,,Wide-Range,1,,,,,,
Utsushi (Visible) S,Head,5,52,3,0,0,0,0,1,Speed Eating,1,Free Meal,1,Good Luck,1,,
Utsushi (Visible) S,Torso,5,52,3,0,0,0,0,1-1,Wide-Range,1,Good Luck,1,,,,
Utsushi (Visible) S,Arms,5,52,3,0,0,0,0,3,Wide-Range,1,,,,,,
Utsushi (Visible) S,Waist,5,52,3,0,0,0,0,2,Speed Eating,1,Free Meal,1,,,,
Utsushi (Visible) S,Leg,5,52,3,0,0,0,0,1,Wide-Range,1,Free Meal,1,Good Luck,1,,
Channeler,Head,3,24,3,0,0,0,0,,Razor Sharp,1,Spare Shot,1,,,,
Channeler,Torso,3,24,3,0,0,0,0,,Razor Sharp,1,Spare Shot,1,,,,
Channeler,Arms,3,24,3,0,0,0,0,,Evade Window,1,Wirebug Whisperer,1,,,,
Channeler,Waist,3,24,3,0,0,0,0,,Agitator,1,,,,,,
Channeler,Leg,3,24,3,0,0,0,0,,Evade Window,1,Agitator,1,,,,
Channeler S,Head,5,52,3,0,0,0,0,1,Razor Sharp,2,Spare Shot,2,Wirebug Whisperer,1,,
Channeler S,Torso,5,52,3,0,0,0,0,1,Razor Sharp,1,Spare Shot,1,Evade Window,1,Agitator,1
Channeler S,Arms,5,52,3,0,0,0,0,2,Evade Window,1,Wirebug Whisperer,1,,,,
Channeler S,Waist,5,52,3,0,0,0,0,1,Agitator,2,Wirebug Whisperer,1,,,,
Channeler S,Leg,5,52,3,0,0,0,0,1-1,Evade Window,1,Agitator,1,,,,
Utsushi (Hidden),Head,3,24,3,0,0,0,0,,Razor Sharp,1,Spare Shot,1,,,,
Utsushi (Hidden),Torso,3,24,3,0,0,0,0,,Razor Sharp,1,Spare Shot,1,,,,
Utsushi (Hidden),Arms,3,24,3,0,0,0,0,,Evade Window,1,Wirebug Whisperer,1,,,,
Utsushi (Hidden),Waist,3,24,3,0,0,0,0,,Agitator,1,,,,,,
Utsushi (Hidden),Leg,3,24,3,0,0,0,0,,Evade Window,1,Agitator,1,,,,
Utsushi (Hidden) S,Head,5,52,3,0,0,0,0,1,Razor Sharp,2,Spare Shot,2,Wirebug Whisperer,1,,
Utsushi (Hidden) S,Torso,5,52,3,0,0,0,0,1,Razor Sharp,1,Spare Shot,1,Evade Window,1,Agitator,1
Utsushi (Hidden) S,Arms,5,52,3,0,0,0,0,2,Evade Window,1,Wirebug Whisperer,1,,,,
Utsushi (Hidden) S,Waist,5,52,3,0,0,0,0,1,Agitator,2,Wirebug Whisperer,1,,,,
Utsushi (Hidden) S,Leg,5,52,3,0,0,0,0,1-1,Evade Window,1,Agitator,1,,,,
Medium,Head,3,24,3,0,0,0,0,,Speed Eating,1,Free Meal,1,,,,
Medium,Torso,3,24,3,0,0,0,0,,Wide-Range,1,,,,,,
Medium,Arms,3,24,3,0,0,0,0,,Wide-Range,1,,,,,,
Medium,Waist,3,24,3,0,0,0,0,,Speed Eating,1,,,,,,
Medium,Leg,3,24,3,0,0,0,0,,Wide-Range,1,,,,,,
Medium S,Head,5,52,3,0,0,0,0,1,Speed Eating,1,Free Meal,1,Good Luck,1,,
Medium S,Torso,5,52,3,0,0,0,0,1-1,Wide-Range,1,Good Luck,1,,,,
Medium S,Arms,5,52,3,0,0,0,0,3,Wide-Range,1,,,,,,
Medium S,Waist,5,52,3,0,0,0,0,2,Speed Eating,1,Free Meal,1,,,,
Medium S,Leg,5,52,3,0,0,0,0,1,Wide-Range,1,Free Meal,1,Good Luck,1,,
Shell-Studded,Head,2,12,0,2,-1,1,0,,Water Resistance,1,,,,,,
Shell-Studded,Torso,2,12,0,2,-1,1,0,,Reload Speed,1,,,,,,
Shell-Studded,Arms,2,12,0,2,-1,1,0,,Recoil Down,1,,,,,,
Shell-Studded,Waist,2,12,0,2,-1,1,0,,Aim Booster,1,,,,,,
Shell-Studded,Leg,2,12,0,2,-1,1,0,,Spread Up,1,,,,,,
Shell-Studded S,Head,5,52,0,2,-1,1,0,1-2,Aim Booster,2,,,,,,
Shell-Studded S,Torso,5,52,0,2,-1,1,0,1-1,Normal/Rapid Up,1,Pierce Up,1,,,,
Shell-Studded S,Arms,5,52,0,2,-1,1,0,1-1,Spread Up,1,Normal/Rapid Up,1,,,,
Shell-Studded S,Waist,5,52,0,2,-1,1,0,1-3,Aim Booster,1,,,,,,
Shell-Studded S,Leg,5,52,0,2,-1,1,0,1-1,Spread Up,1,Pierce Up,1,,,,
Jelly,Head,3,24,1,3,2,0,0,,Divine Blessing,1,,,,,,
Jelly,Torso,3,24,1,3,2,0,0,,Blast Attack,1,,,,,,
Jelly,Arms,3,24,1,3,2,0,0,,Divine Blessing,1,,,,,,
Jelly,Waist,3,24,1,3,2,0,0,,Partbreaker,1,,,,,,
Jelly,Leg,3,24,1,3,2,0,0,,Blast Attack,1,,,,,,
Jelly S,Head,6,62,1,3,2,0,0,3,Partbreaker,1,Divine Blessing,1,,,,
Jelly S,Torso,6,62,1,3,2,0,0,1-2,Blast Attack,2,,,,,,
Jelly S,Arms,6,62,1,3,2,0,0,1-1,Divine Blessing,2,,,,,,
Jelly S,Waist,6,62,1,3,2,0,0,1-2,Partbreaker,2,,,,,,
Jelly S,Leg,6,62,1,3,2,0,0,1-3,Blast Attack,1,,,,,,
Bishaten,Head,2,22,-2,2,-4,2,2,,Item Prolonger,1,Stun Resistance,1,,,,
Bishaten,Torso,2,22,-2,2,-4,2,2,,Wide-Range,1,,,,,,
Bishaten,Arms,2,22,-2,2,-4,2,2,,Stun Resistance,1,,,,,,
Bishaten,Waist,2,22,-2,2,-4,2,2,,Item Prolonger,1,,,,,,
Bishaten,Leg,2,22,-2,2,-4,2,2,,Maximum Might,1,,,,,,
Bishaten S,Head,5,52,-2,2,-4,2,2,1,Item Prolonger,1,Wide-Range,1,Stun Resistance,1,,
Bishaten S,Torso,5,52,-2,2,-4,2,2,3,Wide-Range,1,,,,,,
Bishaten S,Arms,5,52,-2,2,-4,2,2,3,Item Prolonger,1,Stun Resistance,1,,,,
Bishaten S,Waist,5,52,-2,2,-4,2,2,1-1,Item Prolonger,1,Maximum Might,1,,,,
Bishaten S,Leg,5,52,-2,2,-4,2,2,1-1-2,Maximum Might,1,,,,,,
Aknosom,Head,2,16,3,-3,0,-1,0,,Fire Attack,1,,,,,,
Aknosom,Torso,2,16,3,-3,0,-1,0,,Quick Sheath,1,,,,,,
Aknosom,Arms,2,16,3,-3,0,-1,0,,Fire Attack,1,,,,,,
Aknosom,Waist,2,16,3,-3,0,-1,0,,Recovery Speed,1,,,,,,
Aknosom,Leg,2,16,3,-3,0,-1,0,,Fire Attack,1,,,,,,
Aknosom S,Head,4,38,3,-3,0,-1,0,2,Quick Sheath,1,Fire Attack,1,,,,
Aknosom S,Torso,4,38,3,-3,0,-1,0,1,Quick Sheath,1,Peak Performance,1,,,,
Aknosom S,Arms,4,38,3,-3,0,-1,0,1-1,Peak Performance,1,Fire Attack,1,,,,
Aknosom S,Waist,4,38,3,-3,0,-1,0,1-3,Quick Sheath,1,,,,,,
Aknosom S,Leg,4,38,3,-3,0,-1,0,1,Peak Performance,1,Fire Attack,2,,,,
Tetranadon,Head,2,18,-1,4,1,-2,0,,Speed Eating,1,,,,,,
Tetranadon,Torso,2,18,-1,4,1,-2,0,,Normal/Rapid Up,1,,,,,,
Tetranadon,Arms,2,18,-1,4,1,-2,0,,Special Ammo Boost,1,,,,,,
Tetranadon,Waist,2,18,-1,4,1,-2,0,,Heroics,1,,,,,,
Tetranadon,Leg,2,18,-1,4,1,-2,0,,Hunger Resistance,1,,,,,,
Tetranadon S,Head,4,40,-1,4,1,-2,0,1,Normal/Rapid Up,1,Speed Eating,1,,,,
Tetranadon S,Torso,4,40,-1,4,1,-2,0,1,Normal/Rapid Up,1,Evade Extender,1,,,,
Tetranadon S,Arms,4,40,-1,4,1,-2,0,1-1,Heroics,1,Special Ammo Boost,1,,,,
Tetranadon S,Waist,4,40,-1,4,1,-2,0,2,Heroics,2,,,,,,
Tetranadon S,Leg,4,40,-1,4,1,-2,0,1,Normal/Rapid Up,1,Hunger Resistance,1,,,,
Somnacanth,Head,2,22,-1,2,0,-3,1,,Sleep Attack,1,,,,,,
Somnacanth,Torso,2,22,-1,2,0,-3,1,,Item Prolonger,1,,,,,,
Somnacanth,Arms,2,22,-1,2,0,-3,1,,Bombardier,1,Divine Blessing,1,,,,
Somnacanth,Waist,2,22,-1,2,0,-3,1,,Bombardier,1,,,,,,
Somnacanth,Leg,2,22,-1,2,0,-3,1,,Divine Blessing,1,,,,,,
Somnacanth S,Head,5,58,-1,2,0,-3,1,1-2,Sleep Attack,1,,,,,,
Somnacanth S,Torso,5,58,-1,2,0,-3,1,1-1,Sleep Attack,1,Item Prolonger,1,,,,
Somnacanth S,Arms,5,58,-1,2,0,-3,1,2,Bombardier,2,Divine Blessing,1,,,,
Somnacanth S,Waist,5,58,-1,2,0,-3,1,3,Sleep Attack,1,Bombardier,1,,,,
Somnacanth S,Leg,5,58,-1,2,0,-3,1,1-1,Divine Blessing,2,,,,,,
Rakna-Kadaki,Head,6,66,4,-2,-3,-1,1,1-1,Spread Up,1,Reload Speed,1,,,,
Rakna-Kadaki,Torso,6,66,4,-2,-3,-1,1,1-2,Spread Up,1,Reload Speed,1,,,,
Rakna-Kadaki,Arms,6,66,4,-2,-3,-1,1,2,Constitution,2,Stamina Surge,1,,,,
Rakna-Kadaki,Waist,6,66,4,-2,-3,-1,1,2-2,Spread Up,1,,,,,,
Rakna-Kadaki,Leg,6,66,4,-2,-3,-1,1,1,Constitution,2,Stamina Surge,2,,,,
Rakna-Kadaki,Head,6,66,4,-2,-3,-1,1,1-1,Spread Up,1,Reload Speed,1,,,,
Rakna-Kadaki,Torso,6,66,4,-2,-3,-1,1,1-2,Spread Up,1,Reload Speed,1,,,,
Rakna-Kadaki,Arms,6,66,4,-2,-3,-1,1,2,Constitution,2,Stamina Surge,1,,,,
Rakna-Kadaki,Waist,6,66,4,-2,-3,-1,1,2-2,Spread Up,1,,,,,,
Rakna-Kadaki,Leg,6,66,4,-2,-3,-1,1,1,Constitution,2,Stamina Surge,2,,,,
Goss Harag,Head,3,30,-4,1,4,-1,0,,Agitator,1,,,,,,
Goss Harag,Torso,3,30,-4,1,4,-1,0,,Critical Draw,1,,,,,,
Goss Harag,Arms,3,30,-4,1,4,-1,0,,Critical Draw,1,Punishing Draw,1,,,,
Goss Harag,Waist,3,30,-4,1,4,-1,0,,Punishing Draw,1,Resentment,1,,,,
Goss Harag,Leg,3,30,-4,1,4,-1,0,,Agitator,1,,,,,,
Goss Harag S,Head,6,64,-4,1,4,-1,0,1-1,Critical Draw,1,Agitator,1,,,,
Goss Harag S,Torso,6,64,-4,1,4,-1,0,1-2,Critical Draw,1,Resentment,1,,,,
Goss Harag S,Arms,6,64,-4,1,4,-1,0,2,Critical Draw,1,Punishing Draw,1,,,,
Goss Harag S,Waist,6,64,-4,1,4,-1,0,1-2,Punishing Draw,1,Resentment,1,,,,
Goss Harag S,Leg,6,64,-4,1,4,-1,0,1,Punishing Draw,1,Agitator,3,,,,
Almudron,Head,3,30,-4,3,-2,3,-2,,Rapid Morph,1,,,,,,
Almudron,Torso,3,30,-4,3,-2,3,-2,,Razor Sharp,1,,,,,,
Almudron,Arms,3,30,-4,3,-2,3,-2,,Rapid Morph,1,Evade Window,1,,,,
Almudron,Waist,3,30,-4,3,-2,3,-2,,Power Prolonger,1,,,,,,
Almudron,Leg,3,30,-4,3,-2,3,-2,,Razor Sharp,1,,,,,,
Almudron S,Head,6,64,-4,3,-2,3,-2,2-2,Rapid Morph,2,,,,,,
Almudron S,Torso,6,64,-4,3,-2,3,-2,1,Razor Sharp,2,Power Prolonger,1,,,,
Almudron S,Arms,6,64,-4,3,-2,3,-2,1-1,Rapid Morph,1,Evade Window,2,,,,
Almudron S,Waist,6,64,-4,3,-2,3,-2,1-2,Evade Window,1,Power Prolonger,1,,,,
Almudron S,Leg,6,64,-4,3,-2,3,-2,1-3,Razor Sharp,1,,,,,,
Ibushi,Head,7,66,-1,0,0,0,-2,,Wind Alignment,1,Focus,1,Evade Extender,1,,
Ibushi,Torso,7,66,-1,0,0,0,-2,,Wind Alignment,1,Guard,1,Flinch Free,1,,
Ibushi,Arms,7,66,-1,0,0,0,-2,,Wind Alignment,1,Constitution,1,Stamina Surge,1,,
Ibushi,Waist,7,66,-1,0,0,0,-2,,Wind Alignment,1,Power Prolonger,1,Evade Window,1,,
Ibushi,Leg,7,66,-1,0,0,0,-2,,Wind Alignment,1,Slugger,1,Guard Up,1,,
Narwa,Head,7,76,2,1,-3,4,-4,,Thunder Alignment,1,Rapid Morph,1,Offensive Guard,1,,
Narwa,Torso,7,76,2,1,-3,4,-4,,Thunder Alignment,1,Constitution,1,Critical Draw,1,,
Narwa,Arms,7,76,2,1,-3,4,-4,,Thunder Alignment,1,Guard,1,Partbreaker,1,,
Narwa,Waist,7,76,2,1,-3,4,-4,,Thunder Alignment,1,Guard,1,Artillery,1,,
Narwa,Leg,7,76,2,1,-3,4,-4,,Thunder Alignment,1,Evade Window,1,Marathon Runner,1,,
Izuchi,Head,1,10,2,-1,0,-2,0,,Critical Eye,1,,,,,,
Izuchi,Torso,1,10,2,-1,0,-2,0,,Critical Eye,1,Recovery Speed,1,,,,
Izuchi,Arms,1,10,2,-1,0,-2,0,,Constitution,1,,,,,,
Izuchi,Waist,1,10,2,-1,0,-2,0,,Critical Eye,1,,,,,,
Izuchi,Leg,1,10,2,-1,0,-2,0,,Recovery Speed,1,,,,,,
Izuchi S,Head,4,36,2,-1,0,-2,0,1-1,Critical Eye,1,,,,,,
Izuchi S,Torso,4,36,2,-1,0,-2,0,1,Critical Eye,2,Recovery Speed,1,,,,
Izuchi S,Arms,4,36,2,-1,0,-2,0,1-1,Constitution,2,,,,,,
Izuchi S,Waist,4,36,2,-1,0,-2,0,1-1,Critical Eye,2,,,,,,
Izuchi S,Leg,4,36,2,-1,0,-2,0,1-1,Recovery Speed,1,Constitution,1,,,,
Gargwa Mask,Head,2,14,-3,-2,1,-2,0,,Leap of Faith,1,,,,,,
Gargwa Mask S,Head,6,54,-3,-2,1,-2,0,,Leap of Faith,1,Good Luck,1,,,,
Slagtoth,Head,2,14,-2,2,-1,0,1,,Free Meal,1,,,,,,
Slagtoth,Torso,2,14,-2,2,-1,0,1,,Free Meal,1,,,,,,
Slagtoth S,Head,4,42,-2,2,-1,0,1,3,Free Meal,1,Diversion,1,,,,
Slagtoth S,Torso,4,42,-2,2,-1,0,1,1-2,Free Meal,2,,,,,,
Rhenoplos,Head,2,14,2,0,-2,0,0,,Pierce Up,1,,,,,,
Rhenoplos,Torso,2,14,2,0,-2,0,0,,Artillery,1,Stun Resistance,1,,,,
Rhenoplos,Arms,2,14,2,0,-2,0,0,,Artillery,1,,,,,,
Rhenoplos,Waist,2,14,2,0,-2,0,0,,Tremor Resistance,1,,,,,,
Rhenoplos,Leg,2,14,2,0,-2,0,0,,Tremor Resistance,1,,,,,,
Rhenoplos S,Head,4,42,2,0,-2,0,0,1,Pierce Up,2,Stun Resistance,1,,,,
Rhenoplos S,Torso,4,42,2,0,-2,0,0,1-2,Artillery,1,Stun Resistance,2,,,,
Rhenoplos S,Arms,4,42,2,0,-2,0,0,1-2,Artillery,2,,,,,,
Rhenoplos S,Waist,4,42,2,0,-2,0,0,1-3,Tremor Resistance,2,,,,,,
Rhenoplos S,Leg,4,42,2,0,-2,0,0,1-1,Pierce Up,1,Tremor Resistance,1,,,,
Jaggi,Arms,2,14,0,0,1,0,0,,Attack Boost,1,,,,,,
Jaggi,Leg,2,14,0,0,1,0,0,,Master Mounter,1,,,,,,
Jaggi S,Arms,4,42,0,0,1,0,0,1-1,Attack Boost,2,,,,,,
Jaggi S,Leg,4,42,0,0,1,0,0,1-2,Master Mounter,1,,,,,,
Bnahabra,Head,2,14,-2,0,0,0,2,,Recoil Down,1,,,,,,
Bnahabra,Torso,2,14,-2,0,0,0,2,,Paralysis Attack,1,,,,,,
Bnahabra,Arms,2,14,-2,0,0,0,2,,Evade Window,1,,,,,,
Bnahabra,Waist,2,14,-2,0,0,0,2,,Paralysis Attack,1,,,,,,
Bnahabra,Leg,2,14,-2,0,0,0,2,,Recoil Down,1,,,,,,
Bnahabra S,Head,4,34,-2,0,0,0,2,2,Poison Attack,1,Recoil Down,2,,,,
Bnahabra S,Torso,4,34,-2,0,0,0,2,1-1,Paralysis Attack,1,Evade Window,1,,,,
Bnahabra S,Arms,4,34,-2,0,0,0,2,1,Poison Attack,2,Evade Window,1,,,,
Bnahabra S,Waist,4,34,-2,0,0,0,2,1-1,Paralysis Attack,1,Evade Window,1,,,,
Bnahabra S,Leg,4,34,-2,0,0,0,2,1-2,Paralysis Attack,1,Recoil Down,1,,,,
Bullfango Mask,Head,2,14,0,4,0,-2,0,,Bludgeoner,1,,,,,,
Bullfango Mask S,Head,4,36,0,4,0,-2,0,1,Bludgeoner,2,,,,,,
Remobra,Head,2,18,1,1,1,1,2,,Windproof,2,,,,,,
Remobra,Torso,2,18,1,1,1,1,2,,Item Prolonger,1,,,,,,
Remobra,Arms,2,18,1,1,1,1,2,,Critical Element,1,Windproof,1,,,,
Remobra,Waist,2,18,1,1,1,1,2,,Critical Element,1,,,,,,
Remobra,Leg,2,18,1,1,1,1,2,,Divine Blessing,1,,,,,,
Remobra S,Head,5,52,1,1,1,1,3,2,Windproof,2,,,,,,
Remobra S,Torso,5,52,1,1,1,1,3,1-1,Critical Boost,1,,,,,,
Remobra S,Arms,5,52,1,1,1,1,3,2,Critical Element,1,Windproof,1,,,,
Remobra S,Waist,5,52,1,1,1,1,3,1-1,Critical Element,2,,,,,,
Remobra S,Leg,5,52,1,1,1,1,3,1-1,Weakness Exploit,1,,,,,,
Droth,Torso,2,14,-2,4,0,-1,0,,Water Resistance,1,,,,,,
Droth,Waist,2,14,-2,4,0,-1,0,,Diversion,1,,,,,,
Droth,Leg,2,14,-2,4,0,-1,0,,Water Resistance,2,,,,,,
Droth S,Torso,4,42,-2,4,0,-1,0,1-2,Water Attack,2,,,,,,
Droth S,Waist,4,42,-2,4,0,-1,0,1-3,Diversion,1,,,,,,
Droth S,Leg,4,42,-2,4,0,-1,0,2,Water Attack,3,,,,,,
Uroktor,Torso,2,18,4,-2,-1,0,0,,Fire Resistance,2,,,,,,
Uroktor,Waist,2,18,4,-2,-1,0,0,,Fire Resistance,1,,,,,,
Uroktor S,Torso,5,52,4,-2,-1,0,0,2,Fire Attack,3,,,,,,
Uroktor S,Waist,5,52,4,-2,-1,0,0,1-2,Fire Attack,2,,,,,,
Wroggi,Head,2,16,2,-2,-4,1,0,,Evade Extender,1,,,,,,
Wroggi,Torso,2,16,2,-2,-4,1,0,,Poison Attack,1,,,,,,
Wroggi,Arms,2,16,2,-2,-4,1,0,,Ammo Up,1,,,,,,
Wroggi,Waist,2,16,2,-2,-4,1,0,,Poison Attack,1,,,,,,
Wroggi,Leg,2,16,2,-2,-4,1,0,,Evade Extender,1,,,,,,
Wroggi S,Head,4,38,2,-2,-4,1,0,1,Rapid Fire Up,1,Evade Extender,1,,,,
Wroggi S,Torso,4,38,2,-2,-4,1,0,1,Rapid Fire Up,1,Poison Attack,1,,,,
Wroggi S,Arms,4,38,2,-2,-4,1,0,3,Ammo Up,1,,,,,,
Wroggi S,Waist,4,38,2,-2,-4,1,0,1,Ammo Up,1,Poison Attack,2,,,,
Wroggi S,Leg,4,38,2,-2,-4,1,0,1-1,Ammo Up,1,Evade Extender,1,,,,
Baggi,Head,1,10,-4,-1,2,-1,1,,Ice Attack,1,,,,,,
Baggi,Torso,1,10,-4,-1,2,-1,1,,Attack Boost,1,,,,,,
Baggi,Arms,1,10,-4,-1,2,-1,1,,Sleep Resistance,1,Ice Attack,1,,,,
Baggi,Waist,1,10,-4,-1,2,-1,1,,Sleep Resistance,1,,,,,,
Baggi,Leg,1,10,-4,-1,2,-1,1,,Attack Boost,1,,,,,,
Baggi S,Head,4,36,-4,-1,2,-1,1,1-2,Ice Attack,2,,,,,,
Baggi S,Torso,4,36,-4,-1,2,-1,1,1,Attack Boost,1,Ice Attack,1,,,,
Baggi S,Arms,4,36,-4,-1,2,-1,1,1-1,Sleep Resistance,2,Ice Attack,1,,,,
Baggi S,Waist,4,36,-4,-1,2,-1,1,1,Attack Boost,2,Sleep Resistance,1,,,,
Baggi S,Leg,4,36,-4,-1,2,-1,1,1-2,Attack Boost,1,,,,,,
Arzuros,Head,1,10,-2,0,0,-2,0,,Fortify,1,,,,,,
Arzuros,Torso,1,10,-2,0,0,-2,0,,Counterstrike,1,,,,,,
Arzuros,Arms,1,10,-2,0,0,-2,0,,Defense Boost,1,,,,,,
Arzuros,Waist,1,10,-2,0,0,-2,0,,Defense Boost,1,,,,,,
Arzuros,Leg,1,10,-2,0,0,-2,0,,Diversion,1,,,,,,
Arzuros S,Head,4,36,-2,0,0,-2,0,1-1,Fortify,1,Defense Boost,1,,,,
Arzuros S,Torso,4,36,-2,0,0,-2,0,2,Counterstrike,1,,,,,,
Arzuros S,Arms,4,36,-2,0,0,-2,0,1,Counterstrike,1,Defense Boost,2,,,,
Arzuros S,Waist,4,36,-2,0,0,-2,0,1-1,Counterstrike,1,Defense Boost,1,,,,
Arzuros S,Leg,4,36,-2,0,0,-2,0,1-2-3,,,,,,,,
Volvidon,Head,2,20,2,-3,-1,0,1,,Paralysis Attack,1,,,,,,
Volvidon,Torso,2,20,2,-3,-1,0,1,,Rapid Morph,1,,,,,,
Volvidon,Arms,2,20,2,-3,-1,0,1,,Evade Extender,1,,,,,,
Volvidon,Waist,2,20,2,-3,-1,0,1,,Rapid Morph,1,,,,,,
Volvidon,Leg,2,20,2,-3,-1,0,1,,Evade Extender,1,,,,,,
Volvidon S,Head,4,50,2,-3,-1,0,1,1-1,Paralysis Attack,2,Bludgeoner,1,,,,
Volvidon S,Torso,4,50,2,-3,-1,0,1,2,Rapid Morph,1,Jump Master,1,,,,
Volvidon S,Arms,4,50,2,-3,-1,0,1,1-1-1,Evade Extender,1,Paralysis Attack,1,,,,
Volvidon S,Waist,4,50,2,-3,-1,0,1,1-1,Rapid Morph,1,Bludgeoner,1,,,,
Volvidon S,Leg,4,50,2,-3,-1,0,1,1-1,Rapid Morph,1,Evade Extender,2,,,,
Ludroth,Head,2,18,-3,4,0,-1,0,,Water Attack,1,,,,,,
Ludroth,Torso,2,18,-3,4,0,-1,0,,Stamina Surge,1,,,,,,
Ludroth,Arms,2,18,-3,4,0,-1,0,,Marathon Runner,1,,,,,,
Ludroth,Waist,2,18,-3,4,0,-1,0,,Water Attack,2,,,,,,
Ludroth,Leg,2,18,-3,4,0,-1,0,,Power Prolonger,1,,,,,,
Ludroth S,Head,4,48,-3,4,0,-1,0,1-1,Marathon Runner,1,Peak Performance,1,,,,
Ludroth S,Torso,4,48,-3,4,0,-1,0,2,Stamina Surge,2,,,,,,
Ludroth S,Arms,4,48,-3,4,0,-1,0,1-1-2,Marathon Runner,1,,,,,,
Ludroth S,Waist,4,48,-3,4,0,-1,0,1,Marathon Runner,1,Peak Performance,2,,,,
Ludroth S,Leg,4,48,-3,4,0,-1,0,3,Power Prolonger,2,,,,,,
Barroth,Head,2,18,-3,-1,-1,3,0,,Attack Boost,1,,,,,,
Barroth,Torso,2,18,-3,-1,-1,3,0,,Attack Boost,1,Defense Boost,1,,,,
Barroth,Arms,2,18,-3,-1,-1,3,0,,Affinity Sliding,1,,,,,,
Barroth,Waist,2,18,-3,-1,-1,3,0,,Guard,1,,,,,,
Barroth,Leg,2,18,-3,-1,-1,3,0,,Guard,1,,,,,,
Barroth S,Head,4,50,-3,-1,-1,3,0,1-2,Attack Boost,1,Defense Boost,1,Offensive Guard,1,,
Barroth S,Torso,4,50,-3,-1,-1,3,0,2,Attack Boost,1,Defense Boost,2,,,,
Barroth S,Arms,4,50,-3,-1,-1,3,0,1-1,Attack Boost,2,Affinity Sliding,1,,,,
Barroth S,Waist,4,50,-3,-1,-1,3,0,1,Guard,2,Defense Boost,1,,,,
Barroth S,Leg,4,50,-3,-1,-1,3,0,1-2,Guard,1,Defense Boost,1,Offensive Guard,1,,
Khezu,Head,2,16,-4,1,2,4,1,,Recovery Up,1,,,,,,
Khezu,Torso,2,16,-4,1,2,4,1,,Wall Runner,1,,,,,,
Khezu,Arms,2,16,-4,1,2,4,1,,Wall Runner,1,Recovery Speed,1,Thunder Attack,1,,
Khezu,Waist,2,16,-4,1,2,4,1,,Focus,1,Slugger,1,,,,
Khezu,Leg,2,16,-4,1,2,4,1,,Recovery Speed,1,,,,,,
Khezu S,Head,4,38,-4,1,2,4,1,1,Focus,1,Recovery Up,1,,,,
Khezu S,Torso,4,38,-4,1,2,4,1,1-1,Wall Runner,1,Recovery Up,1,,,,
Khezu S,Arms,4,38,-4,1,2,4,1,1-1,Wall Runner,1,Recovery Speed,1,Thunder Attack,2,,
Khezu S,Waist,4,38,-4,1,2,4,1,1-1,Focus,1,Slugger,1,,,,
Khezu S,Leg,4,38,-4,1,2,4,1,1-1,Focus,1,Slugger,1,Recovery Speed,1,,
Nargacuga,Head,3,26,-2,1,1,-3,1,,Evade Window,1,,,,,,
Nargacuga,Torso,3,26,-2,1,1,-3,1,,Critical Eye,1,,,,,,
Nargacuga,Arms,3,26,-2,1,1,-3,1,,Evade Window,1,Evade Extender,1,,,,
Nargacuga,Waist,3,26,-2,1,1,-3,1,,Evade Extender,1,,,,,,
Nargacuga,Leg,3,26,-2,1,1,-3,1,,Evade Window,1,Critical Eye,1,,,,
Nargacuga S,Head,6,60,-2,1,1,-3,1,3,Evade Window,1,,,,,,
Nargacuga S,Torso,6,60,-2,1,1,-3,1,1-1,Evade Window,1,Critical Eye,2,,,,
Nargacuga S,Arms,6,60,-2,1,1,-3,1,1-1,Evade Window,1,Evade Extender,1,,,,
Nargacuga S,Waist,6,60,-2,1,1,-3,1,2,Evade Extender,2,Critical Eye,1,,,,
Nargacuga S,Leg,6,60,-2,1,1,-3,1,1,Evade Window,2,Critical Eye,1,,,,
Barioth,Head,2,20,-5,0,3,-1,0,,Critical Draw,1,,,,,,
Barioth,Torso,2,20,-5,0,3,-1,0,,Quick Sheath,1,,,,,,
Barioth,Arms,2,20,-5,0,3,-1,0,,Critical Eye,1,,,,,,
Barioth,Waist,2,20,-5,0,3,-1,0,,Critical Eye,2,,,,,,
Barioth,Leg,2,20,-5,0,3,-1,0,,Quick Sheath,1,,,,,,
Barioth S,Head,5,58,-3,0,3,-1,0,1,Critical Draw,2,,,,,,
Barioth S,Torso,5,58,-3,0,3,-1,0,1-1-2,Quick Sheath,1,Maximum Might,1,,,,
Barioth S,Arms,5,58,-3,0,3,-1,0,2,Quick Sheath,1,Maximum Might,1,Critical Eye,1,,
Barioth S,Waist,5,58,-3,0,3,-1,0,1,Critical Draw,1,Critical Eye,2,,,,
Barioth S,Leg,5,58,-3,0,3,-1,0,1-3,Quick Sheath,1,,,,,,
Rathian,Head,2,22,3,0,0,-2,-3,,Blight Resistance,1,,,,,,
Rathian,Torso,2,22,3,0,0,-2,-3,,Recovery Up,1,,,,,,
Rathian,Arms,2,22,3,0,0,-2,-3,,Blight Resistance,1,,,,,,
Rathian,Waist,2,22,3,0,0,-2,-3,,Recovery Up,1,Wide-Range,1,,,,
Rathian,Leg,2,22,3,0,0,-2,-3,,Free Meal,1,,,,,,
Rathian S,Head,5,52,3,0,0,-2,-3,1-2,Blight Resistance,1,,,,,,
Rathian S,Torso,5,52,3,0,0,-2,-3,1-1-3,Recovery Up,1,Botanist,1,,,,
Rathian S,Arms,5,52,3,0,0,-2,-3,1-1,Blight Resistance,1,Wide-Range,1,,,,
Rathian S,Waist,5,52,3,0,0,-2,-3,2,Recovery Up,2,Wide-Range,1,,,,
Rathian S,Leg,5,52,3,0,0,-2,-3,2,Blight Resistance,1,Free Meal,1,,,,
Rathalos,Head,3,28,4,0,0,-2,-4,,Attack Boost,1,Fire Attack,1,,,,
Rathalos,Torso,3,28,4,0,0,-2,-4,,Partbreaker,1,Windproof,1,,,,
Rathalos,Arms,3,28,4,0,0,-2,-4,,Attack Boost,1,,,,,,
Rathalos,Waist,3,28,4,0,0,-2,-4,,Attack Boost,1,Windproof,1,,,,
Rathalos,Leg,3,28,4,0,0,-2,-4,,Attack Boost,1,Fire Attack,1,,,,
Rathalos S,Head,6,62,3,1,1,-2,-3,1-1,Attack Boost,1,Partbreaker,1,,,,
Rathalos S,Torso,6,62,3,1,1,-2,-3,1,Attack Boost,1,Partbreaker,1,Windproof,1,,
Rathalos S,Arms,6,62,3,1,1,-2,-3,2,Attack Boost,2,,,,,,
Rathalos S,Waist,6,62,3,1,1,-2,-3,2,Attack Boost,2,Windproof,1,,,,
Rathalos S,Leg,6,62,3,1,1,-2,-3,1-1,Attack Boost,1,Partbreaker,1,,,,
Tigrex,Head,3,30,2,0,0,-3,-2,,Earplugs,1,Speed Eating,1,,,,
Tigrex,Torso,3,30,2,0,0,-3,-2,,Earplugs,1,Bludgeoner,1,,,,
Tigrex,Arms,3,30,2,0,0,-3,-2,,Bludgeoner,2,,,,,,
Tigrex,Waist,3,30,2,0,0,-3,-2,,Earplugs,1,,,,,,
Tigrex,Leg,3,30,2,0,0,-3,-2,,Speed Eating,1,,,,,,
Tigrex S,Head,6,64,2,0,0,-3,-2,1-2,Earplugs,1,Speed Eating,1,,,,
Tigrex S,Torso,6,64,2,0,0,-3,-2,1-1,Earplugs,2,Bludgeoner,1,,,,
Tigrex S,Arms,6,64,2,0,0,-3,-2,3,Bludgeoner,2,Mind's Eye,1,,,,
Tigrex S,Waist,6,64,2,0,0,-3,-2,1-2,Earplugs,2,,,,,,
Tigrex S,Leg,6,64,2,0,0,-3,-2,1,Speed Eating,2,Mind's Eye,1,,,,
Diablos,Head,3,30,3,-1,-3,-1,-1,,Guard,1,Stamina Surge,1,,,,
Diablos,Torso,3,30,3,-1,-3,-1,-1,,Guard,1,,,,,,
Diablos,Arms,3,30,3,-1,-3,-1,-1,,Offensive Guard,1,,,,,,
Diablos,Waist,3,30,3,-1,-3,-1,-1,,Stamina Surge,1,,,,,,
Diablos,Leg,3,30,3,-1,-3,-1,-1,,Guard,1,Offensive Guard,1,,,,
Diablos S,Head,6,64,3,-1,-3,-1,-1,2,Guard,1,Stamina Surge,1,,,,
Diablos S,Torso,6,64,3,-1,-3,-1,-1,1,Guard,2,Offensive Guard,1,,,,
Diablos S,Arms,6,64,3,-1,-3,-1,-1,1-2,Offensive Guard,1,,,,,,
Diablos S,Waist,6,64,3,-1,-3,-1,-1,1-1,Guard,1,Stamina Surge,1,,,,
Diablos S,Leg,6,64,3,-1,-3,-1,-1,2,Guard,1,Offensive Guard,1,,,,
Basarios,Head,2,22,0,-2,1,1,-3,,Defense Boost,2,,,,,,
Basarios,Torso,2,22,0,-2,1,1,-3,,Guard,1,,,,,,
Basarios,Arms,2,22,0,-2,1,1,-3,,Guard,1,Speed Sharpening,1,,,,
Basarios,Waist,2,22,0,-2,1,1,-3,,Speed Sharpening,1,Defense Boost,1,,,,
Basarios,Leg,2,22,0,-2,1,1,-3,,Load Shells,1,Defense Boost,1,,,,
Basarios S,Head,5,52,0,-2,1,1,-3,1-2,Load Shells,1,Defense Boost,2,,,,
Basarios S,Torso,5,52,0,-2,1,1,-3,1-1,Guard,1,Load Shells,1,,,,
Basarios S,Arms,5,52,0,-2,1,1,-3,1-1,Guard,2,Speed Sharpening,1,,,,
Basarios S,Waist,5,52,0,-2,1,1,-3,2,Speed Sharpening,2,Defense Boost,2,,,,
Basarios S,Leg,5,52,0,-2,1,1,-3,3,Load Shells,1,Defense Boost,1,,,,
Zinogre,Head,3,28,0,-1,-4,4,1,,Latent Power,1,Critical Eye,1,,,,
Zinogre,Torso,3,28,0,-1,-4,4,1,,Latent Power,1,Critical Eye,1,,,,
Zinogre,Arms,3,28,0,-1,-4,4,1,,Constitution,1,,,,,,
Zinogre,Waist,3,28,0,-1,-4,4,1,,Latent Power,1,,,,,,
Zinogre,Leg,3,28,0,-1,-4,4,1,,Constitution,2,,,,,,
Zinogre S,Head,6,62,0,-1,-4,4,1,1,Latent Power,1,Weakness Exploit,1,,,,
Zinogre S,Torso,6,62,0,-1,-4,4,1,1,Latent Power,1,Weakness Exploit,1,,,,
Zinogre S,Arms,6,62,0,-1,-4,4,1,2,Latent Power,1,Constitution,1,,,,
Zinogre S,Waist,6,62,0,-1,-4,4,1,1-3,Latent Power,1,,,,,,
Zinogre S,Leg,6,62,0,-1,-4,4,1,1,Latent Power,1,Constitution,2,,,,
Golden,Head,7,70,2,1,-5,3,2,1-2,Heroics,2,Maximum Might,1,,,,
Golden,Torso,7,70,2,1,-5,3,2,2,Heroics,1,Maximum Might,1,Latent Power,1,,
Golden,Arms,7,70,2,1,-5,3,2,1-3,Heroics,1,Latent Power,1,,,,
Golden,Waist,7,70,2,1,-5,3,2,1,Heroics,1,Critical Boost,1,Maximum Might,1,,
Golden,Leg,7,70,2,1,-5,3,2,1-1,Critical Boost,2,Latent Power,1,,,,
Kulu,Head,2,16,0,-3,1,0,0,,Maximum Might,1,,,,,,
Kulu,Torso,2,16,0,-3,1,0,0,,Horn Maestro,1,,,,,,
Kulu,Arms,2,16,0,-3,1,0,0,,Slugger,1,,,,,,
Kulu,Waist,2,16,0,-3,1,0,0,,Stamina Thief,1,,,,,,
Kulu,Leg,2,16,0,-3,1,0,0,,Stun Resistance,1,Critical Eye,1,,,,
Kulu S,Head,4,38,0,-3,1,0,0,1-1,Maximum Might,1,,,,,,
Kulu S,Torso,4,38,0,-3,1,0,0,2,Slugger,2,Horn Maestro,1,,,,
Kulu S,Arms,4,38,0,-3,1,0,0,2,Slugger,1,Stamina Thief,2,,,,
Kulu S,Waist,4,38,0,-3,1,0,0,1-1,Stamina Thief,1,Maximum Might,1,,,,
Kulu S,Leg,4,38,0,-3,1,0,0,1,Stun Resistance,1,Critical Eye,2,,,,
Pukei,Head,2,20,0,3,0,-3,1,,Special Ammo Boost,1,,,,,,
Pukei,Torso,2,20,0,3,0,-3,1,,Constitution,1,,,,,,
Pukei,Arms,2,20,0,3,0,-3,1,,Spare Shot,1,,,,,,
Pukei,Waist,2,20,0,3,0,-3,1,,Poison Attack,2,,,,,,
Pukei,Leg,2,20,0,3,0,-3,1,,Constitution,1,,,,,,
Pukei S,Head,5,50,0,3,0,-3,1,2,Special Ammo Boost,1,Spare Shot,1,,,,
Pukei S,Torso,5,50,0,3,0,-3,1,1,Special Ammo Boost,1,Constitution,2,,,,
Pukei S,Arms,5,50,0,3,0,-3,1,2,Spare Shot,1,Aim Booster,1,,,,
Pukei S,Waist,5,50,0,3,0,-3,1,1-2,Spare Shot,1,Poison Attack,2,,,,
Pukei S,Leg,5,50,0,3,0,-3,1,1-1-1,Constitution,1,Aim Booster,1,,,,
Jyura,Head,5,48,-1,2,0,-3,0,1-2,Offensive Guard,1,Evade Extender,1,,,,
Jyura,Torso,5,48,-1,2,0,-3,0,1-1-1,Power Prolonger,2,Evade Extender,1,,,,
Jyura,Arms,5,48,-1,2,0,-3,0,1-2-3,,,,,,,,
Jyura,Waist,5,48,-1,2,0,-3,0,1-1,Guard Up,1,Power Prolonger,1,Offensive Guard,1,,
Jyura,Leg,5,48,-1,2,0,-3,0,1-1-2,Guard Up,2,,,,,,
Kadachi,Head,2,20,0,-3,0,3,0,,Jump Master,1,,,,,,
Kadachi,Torso,2,20,0,-3,0,3,0,,Critical Eye,1,,,,,,
Kadachi,Arms,2,20,0,-3,0,3,0,,Constitution,1,,,,,,
Kadachi,Waist,2,20,0,-3,0,3,0,,Thunder Attack,2,,,,,,
Kadachi,Leg,2,20,0,-3,0,3,0,,Constitution,1,Critical Eye,1,,,,
Kadachi S,Head,5,58,0,-3,0,3,0,1-1,Jump Master,1,Constitution,1,Critical Eye,1,,
Kadachi S,Torso,5,58,0,-3,0,3,0,3,Mind's Eye,1,Critical Eye,1,,,,
Kadachi S,Arms,5,58,0,-3,0,3,0,2,Constitution,3,,,,,,
Kadachi S,Waist,5,58,0,-3,0,3,0,1-1,Mind's Eye,2,,,,,,
Kadachi S,Leg,5,58,0,-3,0,3,0,1-2,Constitution,1,Critical Eye,2,,,,
Anja,Head,3,26,3,-3,-1,-1,0,,Focus,1,Slugger,1,,,,
Anja,Torso,3,26,3,-3,-1,-1,0,,Focus,1,Marathon Runner,1,,,,
Anja,Arms,3,26,3,-3,-1,-1,0,,Slugger,1,Attack Boost,1,,,,
Anja,Waist,3,26,3,-3,-1,-1,0,,Attack Boost,2,,,,,,
Anja,Leg,3,26,3,-3,-1,-1,0,,Marathon Runner,1,,,,,,
Anja S,Head,6,60,3,-3,-1,-1,0,2,Focus,1,Slugger,1,,,,
Anja S,Torso,6,60,3,-3,-1,-1,0,1-1,Focus,2,Marathon Runner,1,,,,
Anja S,Arms,6,60,3,-3,-1,-1,0,1,Slugger,2,Attack Boost,2,,,,
Anja S,Waist,6,60,3,-3,-1,-1,0,1-1-2,Attack Boost,2,,,,,,
Anja S,Leg,6,60,3,-3,-1,-1,0,2,Marathon Runner,2,,,,,,
Chrome Metal,Waist,5,46,-2,-2,-2,-2,-2,1-2-3,,,,,,,,
Chrome Metal,Leg,5,46,-2,-2,-2,-2,-2,3,Flinch Free,2,,,,,,
Skull,Head,3,28,-3,-3,-3,-3,4,,Fortify,1,,,,,,
Jaggi Mask,Head,2,14,0,0,0,0,0,,Affinity Sliding,1,,,,,,
Jaggi Mask S,Head,4,36,0,0,0,0,0,2,Affinity Sliding,1,,,,,,
Mighty Bow Feather,Head,6,56,0,0,0,0,0,,Bow Charge Plus,1,,,,,,
Sinister,Head,3,28,3,-3,1,-2,1,,Resentment,1,Counterstrike,1,,,,
Sinister,Torso,3,28,3,-3,1,-2,1,,Hellfire Cloak,1,Resentment,1,,,,
Sinister,Arms,3,28,3,-3,1,-2,1,,Hellfire Cloak,1,,,,,,
Sinister,Waist,3,28,3,-3,1,-2,1,,Hellfire Cloak,1,Counterstrike,2,,,,
Sinister,Leg,3,28,3,-3,1,-2,1,,Resentment,1,,,,,,
Sinister S,Head,6,64,3,-3,1,-2,1,2,Resentment,1,Handicraft,1,Flinch Free,1,,
Sinister S,Torso,6,64,3,-3,1,-2,1,2,Hellfire Cloak,1,Resentment,1,,,,
Sinister S,Arms,6,64,3,-3,1,-2,1,2,Hellfire Cloak,1,Handicraft,2,,,,
Sinister S,Waist,6,64,3,-3,1,-2,1,3,Hellfire Cloak,1,,,,,,
Sinister S,Leg,6,64,3,-3,1,-2,1,1-1,Hellfire Cloak,1,Resentment,1,Flinch Free,1,,
Lagombi,Head,1,10,-3,1,4,0,0,,Critical Eye,1,,,,,,
Lagombi,Torso,1,10,-3,1,4,0,0,,Affinity Sliding,1,,,,,,
Lagombi,Arms,1,10,-3,1,4,0,0,,Ice Attack,1,,,,,,
Lagombi,Waist,1,10,-3,1,4,0,0,,Constitution,1,,,,,,
Lagombi,Leg,1,10,-3,1,4,0,0,,Critical Eye,1,,,,,,
Lagombi S,Head,4,36,-3,1,3,0,0,3,Critical Eye,1,Ice Attack,2,,,,
Lagombi S,Torso,4,36,-3,1,3,0,0,1-1,Affinity Sliding,1,Constitution,1,,,,
Lagombi S,Arms,4,36,-3,1,3,0,0,1-2,Critical Eye,2,Ice Attack,1,,,,
Lagombi S,Waist,4,36,-3,1,3,0,0,2,Constitution,2,,,,,,
Lagombi S,Leg,4,36,-3,1,3,0,0,1-1,Jump Master,1,Critical Eye,1,,,,
Bone,Head,2,10,0,0,-1,0,0,,Partbreaker,1,,,,,,
Bone,Torso,2,10,0,0,-1,0,0,,Stamina Thief,1,,,,,,
Bone,Arms,2,10,0,0,-1,0,0,,Stamina Thief,1,,,,,,
Bone,Waist,2,10,0,0,-1,0,0,,Focus,1,,,,,,
Bone,Leg,2,10,0,0,-1,0,0,,Muck Resistance,1,,,,,,
Bone S,Head,4,32,0,0,-1,0,0,1,Stamina Thief,1,Partbreaker,1,,,,
Bone S,Torso,4,32,0,0,-1,0,0,1,Stamina Thief,1,Marathon Runner,1,,,,
Bone S,Arms,4,32,0,0,-1,0,0,1-1,Muck Resistance,1,Stamina Thief,1,,,,
Bone S,Waist,4,32,0,0,-1,0,0,1-2,Focus,1,,,,,,
Bone S,Leg,4,32,0,0,-1,0,0,2,Muck Resistance,2,Focus,1,,,,
Mizutsune,Head,3,26,0,2,1,-3,-1,,Water Attack,1,,,,,,
Mizutsune,Torso,3,26,0,2,1,-3,-1,,Bubbly Dance,1,Water Attack,1,,,,
Mizutsune,Arms,3,26,0,2,1,-3,-1,,Water Attack,1,Free Meal,1,,,,
Mizutsune,Waist,3,26,0,2,1,-3,-1,,Free Meal,1,,,,,,
Mizutsune,Leg,3,26,0,2,1,-3,-1,,Bubbly Dance,1,,,,,,
Mizutsune S,Head,6,60,0,2,1,-3,-1,1-2,Resuscitate,1,,,,,,
Mizutsune S,Torso,6,60,0,2,1,-3,-1,1,Bubbly Dance,1,Resuscitate,1,,,,
Mizutsune S,Arms,6,60,0,2,1,-3,-1,2,Resuscitate,1,Free Meal,1,,,,
Mizutsune S,Waist,6,60,0,2,1,-3,-1,1-2,Bubbly Dance,1,Free Meal,1,,,,
Mizutsune S,Leg,6,60,0,2,1,-3,-1,1-1-3,Bubbly Dance,1,,,,,,
Brigade,Head,3,26,1,0,0,2,2,,Botanist,2,,,,,,
Brigade,Torso,3,26,1,0,0,2,2,,Blight Resistance,1,,,,,,
Brigade,Arms,3,26,1,0,0,2,2,,Geologist,2,,,,,,
Brigade,Waist,3,26,1,0,0,2,2,,Blight Resistance,1,,,,,,
Brigade,Leg,3,26,1,0,0,2,2,,Wide-Range,1,,,,,,
Skull S,Head,5,50,-3,-3,-3,-3,4,2-3,Fortify,1,,,,,,
Brigade S,Head,6,62,1,0,0,2,2,1-3,Botanist,2,,,,,,
Brigade S,Torso,6,62,1,0,0,2,2,1,Capture Master,1,Geologist,1,,,,